"canonical_city","country","reference_point","geocode_query","candidate_latitude","candidate_longitude","candidate_label","osm_type","osm_id","category","result_type","address_type","source","review_status","notes"
"Aachen","Germany","Aachen Hbf","Aachen Hbf, Aachen, Germany","50.7677663","6.0913818","Aachen Central Train Station, 2a, Bahnhofstraße, Kaiserplatz, Burtscheid, Aachen-Mitte, Aachen, Aachen (district), North Rhine-Westphalia, 52064, Germany","node","3070631211","railway","station","railway","OpenStreetMap Nominatim","approved",""
"Amsterdam","Netherlands","Amsterdam Centraal","Amsterdam Centraal, Amsterdam, Netherlands","52.3789010","4.9005805","Amsterdam Central Station, Middentunnel, Centrum, Amsterdam, North Holland, Netherlands, 1012 AB, Netherlands","node","4290854847","railway","station","railway","OpenStreetMap Nominatim","approved",""
"Andorra","Andorra","Andorra la Vella Bus Station","Estació Nacional d'Autobusos, Andorra la Vella, Andorra","42.5037286","1.5199166","5556 Estació Nacional d'Autobusos, Avinguda de Tarragona, Centre històric, La Comella, Andorra la Vella, AD500, Andorra","node","5333957921","highway","bus_stop","highway","OpenStreetMap Nominatim","approved",""
"Bad Camberg","Germany","Bad Camberg Bf.","Bad Camberg railway station, Germany","50.2964521","8.2550751","Bad Camberg, Caspar-Hofmann-Platz, Bad Camberg-Kernstadt, Bad Camberg, Landkreis Limburg-Weilburg, Hesse, 65520, Germany","node","4314401196","railway","station","railway","OpenStreetMap Nominatim","approved",""
"Baden-Baden","Germany","Baden-Baden","Baden-Baden railway station, Germany","48.7904421","8.1910627","Baden-Baden, B 3, Weststadt, Oos, Baden-Baden, Baden-Württemberg, 76532, Germany","node","2931245709","railway","station","railway","OpenStreetMap Nominatim","approved",""
"Bamberg","Germany","Bamberg","Bahnhof Bamberg, Germany","49.9006357","10.8997336","Bamberg, Ludwigstraße, Gärtnerstadt, Bamberg, Bavaria, 96052, Germany","node","2835627177","railway","station","railway","OpenStreetMap Nominatim","approved",""
"Barcelona","Spain","Barcelona Sants","Barcelona Sants, Barcelona, Spain","41.3790068","2.1400042","Barcelona - Sants, 1-7, Plaça dels Països Catalans, Sants, Sants-Montjuïc, Barcelona, Barcelonès, Barcelona, Catalonia, 08014, Spain","node","2158044594","railway","station","railway","OpenStreetMap Nominatim","approved",""
"Berlin","Germany","Berlin Hbf","Berlin Hbf, Berlin, Germany","52.5246361","13.3698610","Berlin Hauptbahnhof (tief), 1, Europaplatz, Europacity, Moabit, Mitte, Berlin, 10557, Germany","node","2459919675","railway","station","railway","OpenStreetMap Nominatim","approved",""
"Berchtesgaden","Germany","Berchtesgaden Hbf","Berchtesgaden Hbf, Berchtesgaden, Germany","47.6267170","12.9997241","Berchtesgaden Hauptbahnhof, Bahnhofplatz, Untersalzberg II, Mitterbach, Berchtesgaden, Landkreis Berchtesgadener Land, Bavaria, 83471, Germany","node","3261599953","railway","station","railway","OpenStreetMap Nominatim","approved",""
"Bochum","Germany","Bochum Hbf","Bochum Hbf, Bochum, Germany","51.4785335","7.2232341","Bochum Hauptbahnhof, Kurt-Schumacher-Platz, Gerberviertel, Mosaikviertel, Innenstadt, Bochum-Mitte, Bochum, North Rhine-Westphalia, 44787, Germany","node","1578683190","railway","station","railway","OpenStreetMap Nominatim","approved",""
"Bremen","Germany","Bremen Hbf","Bremen Hbf, Bremen, Germany","53.0831456","8.8135421","Bremen Hauptbahnhof, 15, 16, Bahnhofsplatz, Bahnhofsvorstadt, Mitte, Bremen-Mitte, Bremen, 28195, Germany","relation","3340527","building","train_station","building","OpenStreetMap Nominatim","approved",""
"Brugge","Belgium","Brugge","Station Brugge, Belgium","51.1974079","3.2175232","Station Brugge, Hendrik Brugmansstraat, Sint-Michiels, Bruges, Brugge, West Flanders, Flanders, 8200, Belgium","way","217215117","building","train_station","building","OpenStreetMap Nominatim","approved",""
"Brussels","Belgium","Bruxelles-Midi / Brussel-Zuid","Bruxelles-Midi / Brussel-Zuid, Brussels, Belgium","50.8357755","4.3360541","Brussels-Midi, Galerie M - M-galerij, Saint-Gilles - Sint-Gillis, Brussels-Capital, 1060, Belgium","node","17401552","railway","station","railway","OpenStreetMap Nominatim","approved",""
"Bucharest","Romania","București Nord","București Nord, Bucharest, Romania","44.4467388","26.0738428","Gara de Nord, 1-3, Piața Gării de Nord, Matache, Gara de Nord, Sector 1, Bucharest, 010741, Romania","node","13121251703","railway","station","railway","OpenStreetMap Nominatim","approved",""
"Budapest","Hungary","Budapest-Keleti","Budapest-Keleti, Budapest, Hungary","47.5004120","19.0839800","Budapest Keleti Station, 1, Baross tér, Kerepesdűlő, 8th district, Budapest, Central Hungary, 1087, Hungary","node","3141893115","railway","station","railway","OpenStreetMap Nominatim","approved",""
"Colmar","France","Gare de Colmar","Gare de Colmar, Colmar, France","48.0724689","7.3469271","Gare de Colmar, Place de la Gare, Colmar, Colmar-Ribeauvillé, Haut-Rhin, European Collectivity of Alsace, Grand Est, Metropolitan France, 68000, France","way","47504477","railway","train_station","railway","OpenStreetMap Nominatim","approved",""
"Cologne","Germany","Köln Hbf","Köln Hbf, Cologne, Germany","50.9427839","6.9590705","Köln Hauptbahnhof, 11, Trankgasse, Martinsviertel, Altstadt-Nord, Innenstadt, Cologne, North Rhine-Westphalia, 50667, Germany","node","2399559029","railway","station","railway","OpenStreetMap Nominatim","approved",""
"Den Haag","Netherlands","Den Haag Centraal","Den Haag Centraal, Den Haag, Netherlands","52.0807633","4.3255311","Den Haag Centraal, Prins Willem-Alexanderhof, Bezuidenhout, Haagse Hout, The Hague, South Holland, Netherlands, 2595 DH, Netherlands","node","5267735554","railway","station","railway","OpenStreetMap Nominatim","approved",""
"Donaueschingen","Germany","Donaueschingen","Donaueschingen, Donaueschingen, Germany","47.9479723","8.4987559","Donaueschingen, Bahnhofstraße, Allmendshofen, Donaueschingen (Kernstadt), Aufen, Donaueschingen, GVV Donaueschingen, Schwarzwald-Baar-Kreis, Baden-Württemberg, 78166, Germany","node","3750401727","railway","station","railway","OpenStreetMap Nominatim","approved",""
"Dortmund","Germany","Dortmund Hbf","Dortmund Hbf, Dortmund, Germany","51.5178935","7.4592831","Dortmund Hbf, Paul-Winzen-Straße, Innenstadt Nord, Dortmund, North Rhine-Westphalia, 44147, Germany","node","1458488633","railway","station","railway","OpenStreetMap Nominatim","approved",""
"Dresden","Germany","Dresden Hbf","Dresden Hbf, Dresden, Germany","51.0402452","13.7320768","Dresden Hbf, 4, Wiener Platz, Seevorstadt-Ost/Großer Garten, Seevorstadt, Altstadt, Dresden, Saxony, 01069, Germany","node","25397500","railway","station","railway","OpenStreetMap Nominatim","approved",""
"Dublin","Ireland","Dublin Connolly","Dublin Connolly, Dublin, Ireland","53.3527247","-6.2471357","Dublin Connolly, Amiens Street, North Dock C ED, Dublin, County Dublin, Leinster, D01 V6V6, Ireland","node","7198337980","railway","station","railway","OpenStreetMap Nominatim","approved",""
"Duisburg","Germany","Duisburg Hbf","Duisburg Hbf, Duisburg, Germany","51.4296701","6.7761771","Duisburg Hauptbahnhof, Bahnhofspassage, Dellviertel, Duisburg-Mitte, Duisburg, North Rhine-Westphalia, 47051, Germany","node","2970328245","railway","station","railway","OpenStreetMap Nominatim","approved",""
"Düsseldorf","Germany","Düsseldorf Hbf","Düsseldorf Hbf, Düsseldorf, Germany","51.2197340","6.7943015","Düsseldorf Central Station, Weg Gleis 12, Stadtmitte, Stadtbezirk 1, Dusseldorf, North Rhine-Westphalia, 40210, Germany","node","1880180223","railway","station","railway","OpenStreetMap Nominatim","approved",""
"Erfurt","Germany","Erfurt Hbf","Erfurt Hbf, Erfurt, Germany","50.9727731","11.0378865","Erfurt Hauptbahnhof, 12, Willy-Brandt-Platz, Altstadt, Erfurt, Thuringia, 99084, Germany","way","35126663","building","train_station","building","OpenStreetMap Nominatim","approved",""
"Essen","Germany","Essen Hbf","Essen Hbf, Essen, Germany","51.4514769","7.0144679","Essen Hauptbahnhof, Am Hauptbahnhof, Stadtkern, Stadtbezirk I, Essen, North Rhine-Westphalia, 45127, Germany","node","3010827615","railway","station","railway","OpenStreetMap Nominatim","approved",""
"Frankfurt","Germany","Frankfurt (Main) Hbf","Frankfurt (Main) Hbf, Frankfurt, Germany","50.1066539","8.6625808","Frankfurt (Main) Hauptbahnhof, Mannheimer Straße, Gallus, Innenstadt 1, Frankfurt, Hesse, 60329, Germany","node","205364328","railway","station","railway","OpenStreetMap Nominatim","approved",""
"Freiburg","Germany","Freiburg (Breisgau) Hbf","Freiburg (Breisgau) Hbf, Freiburg, Germany","47.9977308","7.8412948","Freiburg (Breisgau) Hauptbahnhof, 5-7, Bismarckallee, Altstadt-Ring, Old Town, Freiburg im Breisgau, Baden-Württemberg, 79098, Germany","node","21769883","railway","station","railway","OpenStreetMap Nominatim","approved",""
"Friedrichshafen","Germany","Friedrichshafen Stadt","Friedrichshafen Stadt, Friedrichshafen, Germany","47.6532337","9.4737004","Friedrichshafen Stadt, Fußgängerunterführung Stadtbahnhof, Hofen, Friedrichshafen, VVG der Stadt Friedrichshafen, Lake Constance district, Baden-Württemberg, 88045, Germany","node","29530137","railway","station","railway","OpenStreetMap Nominatim","approved",""
"Gengenbach","Germany","Gengenbach","Gengenbach railway station, Germany","48.4045788","8.0101727","Gengenbach, Bahnhofstraße, Gengenbach, VVG der Stadt Gengenbach, Ortenaukreis, Baden-Württemberg, 77723, Germany","node","21387034","railway","station","railway","OpenStreetMap Nominatim","approved",""
"Gent","Belgium","Gent-Sint-Pieters","Gent-Sint-Pieters, Gent, Belgium","51.0360946","3.7108051","Gent-Sint-Pieters, 1, Koningin Maria Hendrikaplein, Stationsbuurt Noord, Ghent, Gent, East Flanders, Flanders, 9000, Belgium","way","40852759","building","train_station","building","OpenStreetMap Nominatim","approved",""
"Göreme","Turkey","Göreme Otobüs Terminali","Göreme bus station, Turkey","38.6435271","34.8296130","Göreme Bus Station, Turgut Özal Meydanı, Göreme, Nevşehir, Central Anatolia Region, 50180, Turkey","node","284774082","amenity","bus_station","amenity","OpenStreetMap Nominatim","approved",""
"Hamburg","Germany","Hamburg Hbf","Hamburg Hbf, Hamburg, Germany","53.5526959","10.0075644","Hamburg Hauptbahnhof, Südsteg, St. Georg, Hamburg-Mitte, Hamburg, 20099, Germany","node","2459919677","railway","station","railway","OpenStreetMap Nominatim","approved",""
"Heidelberg","Germany","Heidelberg Hbf","Heidelberg Hbf, Heidelberg, Germany","49.4034737","8.6754223","Heidelberg Hauptbahnhof, 5, Willy-Brandt-Platz, Weststadt, Heidelberg, Baden-Württemberg, 69115, Germany","node","2820941790","railway","station","railway","OpenStreetMap Nominatim","approved",""
"Hof","Germany","Hof Hbf","Hof Hbf, Hof, Germany","50.3080628","11.9233140","Hof Hauptbahnhof, Bahnhofsplatz, Bahnhofsviertel, Alsenberg, Hof, Bavaria, 95028, Germany","node","539318253","railway","station","railway","OpenStreetMap Nominatim","approved",""
"Idstein","Germany","Idstein (Taunus)","Idstein (Taunus), Idstein, Germany","50.2159384","8.2575508","Idstein (Taunus), Am Bahndamm, Idstein, Rheingau-Taunus-Kreis, Hesse, 65510, Germany","node","3742806557","railway","station","railway","OpenStreetMap Nominatim","approved",""
"Istanbul","Turkey","Sirkeci Garı","Sirkeci railway station, Istanbul, Turkey","41.0150174","28.9779620","Sirkeci, İstasyon Arkası Sokağı, Cağaloğlu, Hocapaşa Mahallesi, Istanbul, Fatih, Istanbul, Marmara Region, 34110, Turkey","node","12660718814","railway","station","railway","OpenStreetMap Nominatim","approved",""
"Karlovy Vary","Czechia","Karlovy Vary","Karlovy Vary, Karlovy Vary, Czechia","50.2354590","12.8667221","Karlovy Vary, Nákladní, Sedlec, Karlovy Vary, okres Karlovy Vary, Karlovy Vary Region, 913 34, Czechia","node","13018231557","railway","station","railway","OpenStreetMap Nominatim","approved",""
"Karlsruhe","Germany","Karlsruhe Hbf","Karlsruhe Hbf, Karlsruhe, Germany","48.9940078","8.4016492","Karlsruhe Hauptbahnhof, Bahnhofplatz, Südweststadt Östlicher Teil, Südweststadt, Karlsruhe, Baden-Württemberg, 76137, Germany","node","25443575","railway","stop","railway","OpenStreetMap Nominatim","approved",""
"Koblenz","Germany","Koblenz Hbf","Koblenz Hbf, Koblenz, Germany","50.3508227","7.5892636","Koblenz Hbf, Bahnhofplatz, Mitte, Koblenz, Rhineland-Palatinate, 56068, Germany","node","3524305897","railway","station","railway","OpenStreetMap Nominatim","approved",""
"Königssee","Germany","Tourist-Information am Parkplatz Königssee","Owner-selected Tourist-Information am Parkplatz Königssee; adjacent OSM point","47.5921790","12.9875030","Tourist-Information am Parkplatz Königssee (same-building coordinate candidate)","","","tourism","information","tourism","OpenStreetMap nearby-point candidate","approved","Exact named point was not returned by Nominatim; visually confirm the same-building coordinate"
"Kraków","Poland","Kraków Główny","Kraków Główny, Kraków, Poland","50.0684238","19.9478862","Krakow Main Station, Świętego Rafała Kalinowskiego, Wesoła, Stare Miasto, Old Town, Krakow, Lesser Poland Voivodeship, 31-154, Poland","node","206270454","railway","station","railway","OpenStreetMap Nominatim","approved",""
"Leipzig","Germany","Leipzig Hbf","Leipzig Hbf, Leipzig, Germany","51.3465518","12.3830858","Leipzig Hauptbahnhof, 5, Willy-Brandt-Platz, Centre East, Mitte, Leipzig, Saxony, 04109, Germany","node","376142577","railway","station","railway","OpenStreetMap Nominatim","approved",""
"Lindau","Germany","Lindau-Insel","Lindau-Insel, Lindau, Germany","47.5442020","9.6808298","Lindau-Insel, Alfred-Nobel-Platz, Insel, Lindau (Bodensee), Landkreis Lindau, Bavaria, 88131, Germany","node","13801901","railway","station","railway","OpenStreetMap Nominatim","approved",""
"London","United Kingdom","London Waterloo","London Waterloo, London, United Kingdom","51.5028379","-0.1128010","London Waterloo, The Balcony, South Bank, Waterloo, London Borough of Lambeth, Greater London, England, SE1 8SW, United Kingdom","node","3638795617","railway","station","railway","OpenStreetMap Nominatim","approved",""
"Lübeck","Germany","Lübeck Hbf","Lübeck Hbf, Lübeck, Germany","53.8671234","10.6704782","Lübeck Hauptbahnhof, 2-6, Am Bahnhof, Sankt Lorenz Süd, Lübeck, Schleswig-Holstein, 23558, Germany","way","214484180","building","train_station","building","OpenStreetMap Nominatim","approved",""
"Mainz","Germany","Mainz Hbf","Mainz Hbf, Mainz, Germany","50.0013856","8.2586022","Mainz Hbf, Bahnhofplatz, Neustadt, Mainz, Rhineland-Palatinate, 55116, Germany","way","187734152","building","train_station","building","OpenStreetMap Nominatim","approved",""
"Mannheim","Germany","Mannheim Hbf","Mannheim Hbf, Mannheim, Germany","49.4796632","8.4698178","Mannheim Hauptbahnhof, 17, Willy-Brandt-Platz, Schwetzingerstadt, Schwetzingerstadt/Oststadt, Mannheim, Baden-Württemberg, 68161, Germany","relation","6831071","building","train_station","building","OpenStreetMap Nominatim","approved",""
"Marseille","France","Marseille-Saint-Charles","Marseille-Saint-Charles, Marseille, France","43.3032635","5.3811927","Marseille Saint-Charles, Square Narvik, Saint-Charles, 1st Arrondissement, Marseille, Bouches-du-Rhône, Provence-Alpes-Côte d'Azur, Metropolitan France, 13001, France","node","4290857022","railway","station","railway","OpenStreetMap Nominatim","approved",""
"Menton","France","Menton","Menton railway station, France","43.7747030","7.4931157","Menton, Rue des Soeurs Munet, Garavan, Menton, Nice, Maritime Alps, Provence-Alpes-Côte d'Azur, Metropolitan France, 06500, France","node","642423112","railway","station","railway","OpenStreetMap Nominatim","approved",""
"Milan","Italy","Milano Centrale","Milano Centrale, Milan, Italy","45.4858786","9.2042617","Milano Centrale, Piazza Duca d'Aosta, Centrale, Municipio 2, Milan, Rodano, Milan, Lombardy, 20124, Italy","node","6067258870","railway","station","railway","OpenStreetMap Nominatim","approved",""
"Monaco","Monaco","Monaco-Monte-Carlo","Monaco-Monte-Carlo, Monaco, Monaco","43.7382624","7.4194983","Monaco - Monte Carlo, Pont Sainte-Dévote, Ravin de Sainte-Dévote, Monaco, 98020, Monaco","node","9952646938","railway","station","railway","OpenStreetMap Nominatim","approved",""
"Munich","Germany","München Hbf","München Hbf, Munich, Germany","48.1407253","11.5569426","Munich Central Station, Paul-Heyse-Unterführung, Klinikviertel, Ludwigsvorstadt, Ludwigsvorstadt-Isarvorstadt, Munich, Bavaria, 80335, Germany","node","2470201868","railway","station","railway","OpenStreetMap Nominatim","approved",""
"Naples","Italy","Napoli Centrale","Napoli Centrale, Naples, Italy","40.8530238","14.2731399","Naples, Corso Meridionale, Rione Vasto, Vicaria, Municipalità 4, Naples, Campania, 80142, Italy","node","9126486961","railway","station","railway","OpenStreetMap Nominatim","approved",""
"Nice","France","Nice-Ville","Nice-Ville, Nice, France","43.7048972","7.2617286","Nice-Ville, Parvis de la Gare, Vernier, Thiers, La Buffa, Nice, Maritime Alps, Provence-Alpes-Côte d'Azur, Metropolitan France, 06000, France","node","3400645196","railway","stop","railway","OpenStreetMap Nominatim","approved",""
"Nürnberg","Germany","Nürnberg Hbf","Nürnberg Hbf, Nürnberg, Germany","49.4451991","11.0823089","Nürnberg Hauptbahnhof, Mitteltunnel, Tafelhof, Altstadt und engere Innenstadt, Nuremberg, Bavaria, 90443, Germany","node","4543919208","railway","station","railway","OpenStreetMap Nominatim","approved",""
"Oslo","Norway","Oslo S","Oslo S, Oslo, Norway","59.9110251","10.7531379","Oslo Central Station, Main Station Hallway, Sjøtomta, Vaterland, Sentrum, Oslo, 0050, Norway","node","660921","railway","station","railway","OpenStreetMap Nominatim","approved",""
"Palermo","Italy","Palermo Centrale","Palermo Centrale, Palermo, Italy","38.1092571","13.3674799","Palermo Centrale, Via Tommaso Fazello, III Circoscrizione, Palermo, Sicily, 90127, Italy","node","418376059","railway","station","railway","OpenStreetMap Nominatim","approved",""
"Paris","France","Gare du Nord","OpenStreetMap node 3090733718 (Paris Gare du Nord)","48.8804003","2.3549733","Paris Gare du Nord, Paris, France","node","3090733718","railway","station","railway","OpenStreetMap reviewed object candidate","approved",""
"Prague","Czechia","Praha hlavní nádraží","Praha hlavní nádraží, Prague, Czechia","50.0829628","14.4360939","Prague Main Station, Wilsonova, New Town, obvod Praha 1, Prague, 116 47, Czechia","node","3134751791","railway","station","railway","OpenStreetMap Nominatim","approved",""
"Rome","Italy","Roma Termini","Roma Termini, Rome, Italy","41.9011950","12.5016713","Roma Termini, Piazza dei Cinquecento, Esquilino, Municipio Roma I, Rome, Roma Capitale, Lazio, 00185, Italy","way","23276946","building","train_station","building","OpenStreetMap Nominatim","approved",""
"Rotterdam","Netherlands","Rotterdam Centraal","Rotterdam Centraal, Rotterdam, Netherlands","51.9253937","4.4687190","Rotterdam Centraal, Provenierstunnel, CS-Kwartier, Centrum, Rotterdam, South Holland, Netherlands, 3013 EA, Netherlands","node","1053173589","railway","stop","railway","OpenStreetMap Nominatim","approved",""
"Salzburg","Austria","Salzburg Hbf","Salzburg Hbf, Salzburg, Austria","47.8130618","13.0458530","Salzburg Hauptbahnhof, 1, Südtiroler Platz, Elisabeth-Vorstadt, Salzburg, 5020, Austria","node","302097253","railway","station","railway","OpenStreetMap Nominatim","approved",""
"Skopje","North Macedonia","Skopje railway station","Skopje railway station, Skopje, North Macedonia","41.9909014","21.4459867","Skopje Railway Station, Bulevar Kuzman Josifovski Pitu, Mičurin, Aerodrom, Municipality of Centar, Skopje, Municipality of Aerodrom, City of Skopje, 1000, North Macedonia","way","144759771","building","train_station","building","OpenStreetMap Nominatim","approved",""
"Speyer","Germany","Speyer Hbf","Speyer Hbf, Speyer, Germany","49.3241568","8.4283506","Speyer Hauptbahnhof, 43, Bahnhofstraße, Kernstadt-Nord, Speyer, Rhineland-Palatinate, 67346, Germany","way","55476597","building","train_station","building","OpenStreetMap Nominatim","approved",""
"Strasbourg","France","Gare de Strasbourg","Gare de Strasbourg, Strasbourg, France","48.5852933","7.7339249","Strasbourg, Place de la Gare, Tribunal-Gare-Porte de Schirmeck, Strasbourg, Bas-Rhin, European Collectivity of Alsace, Grand Est, Metropolitan France, 67000, France","node","3069229440","railway","station","railway","OpenStreetMap Nominatim","approved",""
"Stuttgart","Germany","Stuttgart Hbf","Stuttgart Hbf, Stuttgart, Germany","48.7856099","9.1833959","Stuttgart Main Station, 2, Arnulf-Klett-Platz, Hauptbahnhof, Stuttgart-Mitte, Stuttgart, Baden-Württemberg, 70173, Germany","node","1635698272","railway","station","railway","OpenStreetMap Nominatim","approved",""
"Triberg","Germany","Triberg","Triberg railway station, Germany","48.1403719","8.2368619","Triberg, Bahnhofstraße, Triberg (Kernstadt), Triberg im Schwarzwald, GVV Raumschaft Triberg, Schwarzwald-Baar-Kreis, Baden-Württemberg, 78098, Germany","node","3750401729","railway","station","railway","OpenStreetMap Nominatim","approved",""
"Ulm","Germany","Ulm Hbf","Ulm Hbf, Ulm, Germany","48.3994159","9.9826024","Ulm Hauptbahnhof, 1, Bahnhofplatz, Fischerviertel, Mitte, Ulm, Baden-Württemberg, 89073, Germany","node","1384282612","railway","station","railway","OpenStreetMap Nominatim","approved",""
"Utrecht","Netherlands","Utrecht Centraal","Utrecht Centraal, Utrecht, Netherlands","52.0893825","5.1096021","Utrecht Centraal, 12, Stationshal, Hoog Catharijne, Ns, Jaarbeurs, Binnenstad City- En Winkelgebied, Binnenstad, Utrecht, Netherlands, 3511 CE, Netherlands","way","237005081","building","train_station","building","OpenStreetMap Nominatim","approved",""
"Vatican City","Vatican City","Vatican City","Vatican City, Vatican City, Vatican City","41.9008795","12.4509301","Vatican City, Observatory Road, Vatican City, 00120, Vatican City","node","2015144901","railway","station","railway","OpenStreetMap Nominatim","approved",""
"Vilnius","Lithuania","Vilnius railway station","Vilnius railway station, Vilnius, Lithuania","54.6698774","25.2847579","Vilnius, Geležinkelio g., New Town, Naujamiestis eldership, Vilnius, Vilnius city municipality, Vilnius County, 01047, Lithuania","node","6624987344","railway","station","railway","OpenStreetMap Nominatim","approved",""
"Wiesbaden","Germany","Wiesbaden Hbf","Wiesbaden Hbf, Wiesbaden, Germany","50.0698313","8.2439848","Wiesbaden Hauptbahnhof, 1, Bahnhofsplatz, Südost, Wiesbaden, Hesse, 65189, Germany","node","10688209087","railway","station","railway","OpenStreetMap Nominatim","approved",""
"Wuppertal","Germany","Wuppertal Hbf","Wuppertal Hbf, Wuppertal, Germany","51.2543138","7.1500364","Wuppertal Hauptbahnhof, Distelbeck, Südstadt, Gemarkung Elberfeld, Elberfeld, Wuppertal, North Rhine-Westphalia, 42119, Germany","relation","5195475","railway","platform","railway","OpenStreetMap Nominatim","approved",""
"Würzburg","Germany","Würzburg Hbf","Würzburg Hbf, Würzburg, Germany","49.8015215","9.9359849","Würzburg Hauptbahnhof, 4, Bahnhofplatz, Innenstadt, Würzburg Altstadt, Würzburg, Bavaria, 97070, Germany","way","39987593","building","train_station","building","OpenStreetMap Nominatim","approved",""
"Zaandijk","Netherlands","Zaandijk Zaanse Schans","Zaandijk Zaanse Schans station, Netherlands","52.4692791","4.8051566","Zaandijk Zaanse Schans, Kogertunnel, Koog aan de Zaan, Zaanstad, North Holland, Netherlands, 1541 LK, Netherlands","node","4185358281","railway","station","railway","OpenStreetMap Nominatim","approved",""
