"photo_id","country","country_slug","file_path","display_order","candidate_city","alt_text_draft","rights_status","metadata_status","review_status","notes"
"country-andorra-02","Andorra","andorra","/images/countries/andorra/andorra-old-stone-bridge.webp","1","","An old stone bridge in Andorra.","owner_provided","stripped","pending_review","Country-level photo; no City relationship by owner decision"
"country-andorra-03","Andorra","andorra","/images/countries/andorra/andorra-christmas-lights.webp","2","","Christmas lights in Andorra la Vella.","owner_provided","stripped","pending_review","Country-level photo; no City relationship by owner decision"
"country-andorra-01","Andorra","andorra","/images/countries/andorra/canillo-suspension-bridge.webp","3","","A suspension bridge above the mountains in Canillo.","owner_provided","stripped","pending_review","Country-level photo; no City relationship by owner decision"
"country-austria-01","Austria","austria","/images/countries/austria/austrian-alps-panorama.webp","1","","A panoramic view of the Austrian Alps.","owner_provided","stripped","pending_review","Country-level scene; City relationship requires owner review"
"country-austria-02","Austria","austria","/images/countries/austria/salzburg-cityscape.webp","2","Salzburg","The Salzburg cityscape and surrounding mountains.","owner_provided","stripped","pending_review",""
"country-austria-03","Austria","austria","/images/countries/austria/salzburg-residenzplatz.webp","3","Salzburg","Residenzplatz in Salzburg.","owner_provided","stripped","pending_review",""
"country-belgium-01","Belgium","belgium","/images/countries/belgium/brussels-grand-place.webp","1","Brussels","Grand-Place in Brussels.","owner_provided","stripped","pending_review",""
"country-belgium-02","Belgium","belgium","/images/countries/belgium/ghent-historic-center.webp","2","Gent","The historic center of Ghent.","owner_provided","stripped","pending_review",""
"country-belgium-03","Belgium","belgium","/images/countries/belgium/bruges-market-square.webp","3","Brugge","The historic market square in Bruges.","owner_provided","stripped","pending_review",""
"country-czechia-02","Czechia","czechia","/images/countries/czechia/karlovy-vary-winter-square.webp","1","Karlovy Vary","A snow-covered square in Karlovy Vary.","owner_provided","stripped","pending_review",""
"country-czechia-01","Czechia","czechia","/images/countries/czechia/prague-st-vitus-cathedral.webp","2","Prague","St. Vitus Cathedral in Prague.","owner_provided","stripped","pending_review",""
"country-czechia-03","Czechia","czechia","/images/countries/czechia/prague-national-museum-night.webp","3","Prague","The National Museum in Prague at night.","owner_provided","stripped","pending_review",""
"country-france-02","France","france","/images/countries/france/colmar-petite-venise.webp","1","Colmar","The Petite Venise district in Colmar.","owner_provided","stripped","pending_review",""
"country-france-03","France","france","/images/countries/france/nice-carnival-parade.webp","2","Nice","A carnival parade in Nice.","owner_provided","stripped","pending_review",""
"country-france-01","France","france","/images/countries/france/paris-louvre-pyramid-night.webp","3","Paris","The Louvre Pyramid in Paris at night.","owner_provided","stripped","pending_review",""
"country-germany-02","Germany","germany","/images/countries/germany/konigssee-lake.webp","1","Königssee","Königssee lake in the Bavarian Alps.","owner_provided","stripped","pending_review",""
"country-germany-01","Germany","germany","/images/countries/germany/berlin-brandenburg-gate.webp","2","Berlin","The Brandenburg Gate in Berlin.","owner_provided","stripped","pending_review",""
"country-germany-03","Germany","germany","/images/countries/germany/bavarian-alpine-lake-winter.webp","3","","A Bavarian alpine lake in winter.","owner_provided","stripped","pending_review","Country-level scene; City relationship requires owner review"
"country-hungary-02","Hungary","hungary","/images/countries/hungary/budapest-heritage-train.webp","1","Budapest","A heritage train in Budapest.","owner_provided","stripped","pending_review",""
"country-hungary-01","Hungary","hungary","/images/countries/hungary/budapest-parliament-night.webp","2","Budapest","The Hungarian Parliament Building in Budapest at night.","owner_provided","stripped","pending_review",""
"country-hungary-03","Hungary","hungary","/images/countries/hungary/budapest-yellow-trams.webp","3","Budapest","Yellow trams on a Budapest street.","owner_provided","stripped","pending_review",""
"country-ireland-01","Ireland","ireland","/images/countries/ireland/dublin-trinity-college.webp","1","Dublin","The campus of Trinity College Dublin.","owner_provided","stripped","pending_review",""
"country-ireland-03","Ireland","ireland","/images/countries/ireland/dublin-luas-tram.webp","2","Dublin","A Luas tram in Dublin.","owner_provided","stripped","pending_review",""
"country-ireland-02","Ireland","ireland","/images/countries/ireland/dublin-temple-bar-night.webp","3","Dublin","Temple Bar in Dublin at night.","owner_provided","stripped","pending_review",""
"country-italy-01","Italy","italy","/images/countries/italy/rome-colosseum.webp","1","Rome","The Colosseum in Rome.","owner_provided","stripped","pending_review",""
"country-italy-02","Italy","italy","/images/countries/italy/pompeii-ruins.webp","2","Naples","The archaeological ruins of Pompeii.","owner_provided","stripped","pending_review",""
"country-italy-03","Italy","italy","/images/countries/italy/naples-market-street.webp","3","Naples","A market street in Naples.","owner_provided","stripped","pending_review",""
"country-lithuania-01","Lithuania","lithuania","/images/countries/lithuania/vilnius-uzupis-republic.webp","1","Vilnius","A street scene in the Užupis district of Vilnius.","owner_provided","stripped","pending_review",""
"country-lithuania-02","Lithuania","lithuania","/images/countries/lithuania/vilnius-bernardine-church.webp","2","Vilnius","Bernardine Church in Vilnius.","owner_provided","stripped","pending_review",""
"country-lithuania-03","Lithuania","lithuania","/images/countries/lithuania/vilnius-shopping-district.webp","3","Vilnius","A shopping district in Vilnius.","owner_provided","stripped","pending_review",""
"country-monaco-01","Monaco","monaco","/images/countries/monaco/monaco-coastline.webp","1","Monaco","The coastline and harbor of Monaco.","owner_provided","stripped","pending_review",""
"country-monaco-03","Monaco","monaco","/images/countries/monaco/monte-carlo-casino-lobby.webp","2","Monaco","The lobby of the Monte Carlo Casino.","owner_provided","stripped","pending_review",""
"country-monaco-02","Monaco","monaco","/images/countries/monaco/monte-carlo-casino-hall.webp","3","Monaco","An interior hall at the Monte Carlo Casino.","owner_provided","stripped","pending_review",""
"country-netherlands-01","Netherlands","netherlands","/images/countries/netherlands/utrecht-canal.webp","1","Utrecht","A canal in Utrecht.","owner_provided","stripped","pending_review",""
"country-netherlands-02","Netherlands","netherlands","/images/countries/netherlands/amsterdam-canal-district-night.webp","2","Amsterdam","The Amsterdam canal district at night.","owner_provided","stripped","pending_review",""
"country-netherlands-03","Netherlands","netherlands","/images/countries/netherlands/rotterdam-street-art.webp","3","Rotterdam","Street art in Rotterdam.","owner_provided","stripped","pending_review",""
"country-north-macedonia-01","North Macedonia","north-macedonia","/images/countries/north-macedonia/skopje-airport-terminal.webp","1","Skopje","The terminal at Skopje International Airport.","owner_provided","stripped","pending_review",""
"country-north-macedonia-02","North Macedonia","north-macedonia","/images/countries/north-macedonia/north-macedonian-burek.webp","2","Skopje","Burek during an airport overnight stay in North Macedonia.","owner_provided","stripped","pending_review",""
"country-north-macedonia-03","North Macedonia","north-macedonia","/images/countries/north-macedonia/skopje-airport-gate.webp","3","Skopje","A departure gate at Skopje International Airport.","owner_provided","stripped","pending_review",""
"country-norway-02","Norway","norway","/images/countries/norway/oslo-fram-museum.webp","1","Oslo","The Fram Museum in Oslo.","owner_provided","stripped","pending_review",""
"country-norway-01","Norway","norway","/images/countries/norway/oslo-munch-museum.webp","2","Oslo","The MUNCH museum in Oslo.","owner_provided","stripped","pending_review",""
"country-norway-03","Norway","norway","/images/countries/norway/norway-winter-cabin.webp","3","","A cabin in a snowy Norwegian landscape.","owner_provided","stripped","pending_review","Country-level scene; City relationship requires owner review"
"country-poland-01","Poland","poland","/images/countries/poland/wieliczka-salt-mine.webp","1","Kraków","An underground chamber in the Wieliczka Salt Mine.","owner_provided","stripped","pending_review",""
"country-poland-03","Poland","poland","/images/countries/poland/wieliczka-market-square.webp","2","Kraków","The market square in Wieliczka.","owner_provided","stripped","pending_review",""
"country-poland-02","Poland","poland","/images/countries/poland/krakow-christmas-market.webp","3","Kraków","The Christmas market in Kraków.","owner_provided","stripped","pending_review",""
"country-romania-03","Romania","romania","/images/countries/romania/bucharest-civic-building.webp","1","Bucharest","A civic building in Bucharest.","owner_provided","stripped","pending_review",""
"country-romania-02","Romania","romania","/images/countries/romania/bucharest-night-street.webp","2","Bucharest","A street in Bucharest at night.","owner_provided","stripped","pending_review",""
"country-romania-01","Romania","romania","/images/countries/romania/bucharest-therme.webp","3","Bucharest","The Therme Bucharest complex.","owner_provided","stripped","pending_review",""
"country-spain-01","Spain","spain","/images/countries/spain/barcelona-sagrada-familia.webp","1","Barcelona","The Sagrada Família in Barcelona.","owner_provided","stripped","pending_review",""
"country-spain-02","Spain","spain","/images/countries/spain/barcelona-beachfront.webp","2","Barcelona","The beachfront in Barcelona.","owner_provided","stripped","pending_review",""
"country-spain-03","Spain","spain","/images/countries/spain/barcelona-flamenco-show.webp","3","Barcelona","A flamenco performance in Barcelona.","owner_provided","stripped","pending_review",""
"country-turkey-01","Turkey","turkey","/images/countries/turkey/cappadocia-rock-formations.webp","1","Göreme","Rock formations in Cappadocia.","owner_provided","stripped","pending_review",""
"country-turkey-03","Turkey","turkey","/images/countries/turkey/istanbul-galata-bridge.webp","2","Istanbul","Galata Bridge in Istanbul.","owner_provided","stripped","pending_review",""
"country-turkey-02","Turkey","turkey","/images/countries/turkey/istanbul-spice-bazaar.webp","3","Istanbul","The Spice Bazaar in Istanbul.","owner_provided","stripped","pending_review",""
"country-united-kingdom-01","United Kingdom","united-kingdom","/images/countries/united-kingdom/london-big-ben.webp","1","London","Big Ben and the Palace of Westminster in London.","owner_provided","stripped","pending_review",""
"country-united-kingdom-03","United Kingdom","united-kingdom","/images/countries/united-kingdom/london-underground.webp","2","London","A London Underground station.","owner_provided","stripped","pending_review",""
"country-united-kingdom-02","United Kingdom","united-kingdom","/images/countries/united-kingdom/london-natural-history-museum.webp","3","London","The Natural History Museum in London.","owner_provided","stripped","pending_review",""
"country-vatican-city-01","Vatican City","vatican-city","/images/countries/vatican-city/st-peters-square-and-basilica.webp","1","Vatican City","St. Peter's Square and Basilica in Vatican City.","owner_provided","stripped","pending_review",""
"country-vatican-city-02","Vatican City","vatican-city","/images/countries/vatican-city/vatican-museums-gallery-of-maps.webp","2","Vatican City","Ornate frescoes in the Gallery of Maps at the Vatican Museums.","owner_provided","stripped","pending_review",""
"country-vatican-city-03","Vatican City","vatican-city","/images/countries/vatican-city/vatican-museums-fresco-hall.webp","3","Vatican City","A fresco-covered hall in the Vatican Museums.","owner_provided","stripped","pending_review",""
