Title,Latitude,Longitude,MarkerType,Country,ReferencePoint,CandidateLabel,ReviewStatus,Source,Notes
"City GPS - Aachen","50.7677663","6.0913818","City GPS candidate","Germany","Aachen Hbf","Aachen Central Train Station, 2a, Bahnhofstraße, Kaiserplatz, Burtscheid, Aachen-Mitte, Aachen, Aachen (district), North Rhine-Westphalia, 52064, Germany","approved","OpenStreetMap Nominatim",""
"City GPS - Amsterdam","52.3789010","4.9005805","City GPS candidate","Netherlands","Amsterdam Centraal","Amsterdam Central Station, Middentunnel, Centrum, Amsterdam, North Holland, Netherlands, 1012 AB, Netherlands","approved","OpenStreetMap Nominatim",""
"City GPS - Andorra","42.5037286","1.5199166","City GPS candidate","Andorra","Andorra la Vella Bus Station","5556 Estació Nacional d'Autobusos, Avinguda de Tarragona, Centre històric, La Comella, Andorra la Vella, AD500, Andorra","approved","OpenStreetMap Nominatim",""
"City GPS - Bad Camberg","50.2964521","8.2550751","City GPS candidate","Germany","Bad Camberg Bf.","Bad Camberg, Caspar-Hofmann-Platz, Bad Camberg-Kernstadt, Bad Camberg, Landkreis Limburg-Weilburg, Hesse, 65520, Germany","approved","OpenStreetMap Nominatim",""
"City GPS - Baden-Baden","48.7904421","8.1910627","City GPS candidate","Germany","Baden-Baden","Baden-Baden, B 3, Weststadt, Oos, Baden-Baden, Baden-Württemberg, 76532, Germany","approved","OpenStreetMap Nominatim",""
"City GPS - Bamberg","49.9006357","10.8997336","City GPS candidate","Germany","Bamberg","Bamberg, Ludwigstraße, Gärtnerstadt, Bamberg, Bavaria, 96052, Germany","approved","OpenStreetMap Nominatim",""
"City GPS - Barcelona","41.3790068","2.1400042","City GPS candidate","Spain","Barcelona Sants","Barcelona - Sants, 1-7, Plaça dels Països Catalans, Sants, Sants-Montjuïc, Barcelona, Barcelonès, Barcelona, Catalonia, 08014, Spain","approved","OpenStreetMap Nominatim",""
"City GPS - Berlin","52.5246361","13.3698610","City GPS candidate","Germany","Berlin Hbf","Berlin Hauptbahnhof (tief), 1, Europaplatz, Europacity, Moabit, Mitte, Berlin, 10557, Germany","approved","OpenStreetMap Nominatim",""
"City GPS - Berchtesgaden","47.6267170","12.9997241","City GPS candidate","Germany","Berchtesgaden Hbf","Berchtesgaden Hauptbahnhof, Bahnhofplatz, Untersalzberg II, Mitterbach, Berchtesgaden, Landkreis Berchtesgadener Land, Bavaria, 83471, Germany","approved","OpenStreetMap Nominatim",""
"City GPS - Bochum","51.4785335","7.2232341","City GPS candidate","Germany","Bochum Hbf","Bochum Hauptbahnhof, Kurt-Schumacher-Platz, Gerberviertel, Mosaikviertel, Innenstadt, Bochum-Mitte, Bochum, North Rhine-Westphalia, 44787, Germany","approved","OpenStreetMap Nominatim",""
"City GPS - Bremen","53.0831456","8.8135421","City GPS candidate","Germany","Bremen Hbf","Bremen Hauptbahnhof, 15, 16, Bahnhofsplatz, Bahnhofsvorstadt, Mitte, Bremen-Mitte, Bremen, 28195, Germany","approved","OpenStreetMap Nominatim",""
"City GPS - Brugge","51.1974079","3.2175232","City GPS candidate","Belgium","Brugge","Station Brugge, Hendrik Brugmansstraat, Sint-Michiels, Bruges, Brugge, West Flanders, Flanders, 8200, Belgium","approved","OpenStreetMap Nominatim",""
"City GPS - Brussels","50.8357755","4.3360541","City GPS candidate","Belgium","Bruxelles-Midi / Brussel-Zuid","Brussels-Midi, Galerie M - M-galerij, Saint-Gilles - Sint-Gillis, Brussels-Capital, 1060, Belgium","approved","OpenStreetMap Nominatim",""
"City GPS - Bucharest","44.4467388","26.0738428","City GPS candidate","Romania","București Nord","Gara de Nord, 1-3, Piața Gării de Nord, Matache, Gara de Nord, Sector 1, Bucharest, 010741, Romania","approved","OpenStreetMap Nominatim",""
"City GPS - Budapest","47.5004120","19.0839800","City GPS candidate","Hungary","Budapest-Keleti","Budapest Keleti Station, 1, Baross tér, Kerepesdűlő, 8th district, Budapest, Central Hungary, 1087, Hungary","approved","OpenStreetMap Nominatim",""
"City GPS - Colmar","48.0724689","7.3469271","City GPS candidate","France","Gare de Colmar","Gare de Colmar, Place de la Gare, Colmar, Colmar-Ribeauvillé, Haut-Rhin, European Collectivity of Alsace, Grand Est, Metropolitan France, 68000, France","approved","OpenStreetMap Nominatim",""
"City GPS - Cologne","50.9427839","6.9590705","City GPS candidate","Germany","Köln Hbf","Köln Hauptbahnhof, 11, Trankgasse, Martinsviertel, Altstadt-Nord, Innenstadt, Cologne, North Rhine-Westphalia, 50667, Germany","approved","OpenStreetMap Nominatim",""
"City GPS - Den Haag","52.0807633","4.3255311","City GPS candidate","Netherlands","Den Haag Centraal","Den Haag Centraal, Prins Willem-Alexanderhof, Bezuidenhout, Haagse Hout, The Hague, South Holland, Netherlands, 2595 DH, Netherlands","approved","OpenStreetMap Nominatim",""
"City GPS - Donaueschingen","47.9479723","8.4987559","City GPS candidate","Germany","Donaueschingen","Donaueschingen, Bahnhofstraße, Allmendshofen, Donaueschingen (Kernstadt), Aufen, Donaueschingen, GVV Donaueschingen, Schwarzwald-Baar-Kreis, Baden-Württemberg, 78166, Germany","approved","OpenStreetMap Nominatim",""
"City GPS - Dortmund","51.5178935","7.4592831","City GPS candidate","Germany","Dortmund Hbf","Dortmund Hbf, Paul-Winzen-Straße, Innenstadt Nord, Dortmund, North Rhine-Westphalia, 44147, Germany","approved","OpenStreetMap Nominatim",""
"City GPS - Dresden","51.0402452","13.7320768","City GPS candidate","Germany","Dresden Hbf","Dresden Hbf, 4, Wiener Platz, Seevorstadt-Ost/Großer Garten, Seevorstadt, Altstadt, Dresden, Saxony, 01069, Germany","approved","OpenStreetMap Nominatim",""
"City GPS - Dublin","53.3527247","-6.2471357","City GPS candidate","Ireland","Dublin Connolly","Dublin Connolly, Amiens Street, North Dock C ED, Dublin, County Dublin, Leinster, D01 V6V6, Ireland","approved","OpenStreetMap Nominatim",""
"City GPS - Duisburg","51.4296701","6.7761771","City GPS candidate","Germany","Duisburg Hbf","Duisburg Hauptbahnhof, Bahnhofspassage, Dellviertel, Duisburg-Mitte, Duisburg, North Rhine-Westphalia, 47051, Germany","approved","OpenStreetMap Nominatim",""
"City GPS - Düsseldorf","51.2197340","6.7943015","City GPS candidate","Germany","Düsseldorf Hbf","Düsseldorf Central Station, Weg Gleis 12, Stadtmitte, Stadtbezirk 1, Dusseldorf, North Rhine-Westphalia, 40210, Germany","approved","OpenStreetMap Nominatim",""
"City GPS - Erfurt","50.9727731","11.0378865","City GPS candidate","Germany","Erfurt Hbf","Erfurt Hauptbahnhof, 12, Willy-Brandt-Platz, Altstadt, Erfurt, Thuringia, 99084, Germany","approved","OpenStreetMap Nominatim",""
"City GPS - Essen","51.4514769","7.0144679","City GPS candidate","Germany","Essen Hbf","Essen Hauptbahnhof, Am Hauptbahnhof, Stadtkern, Stadtbezirk I, Essen, North Rhine-Westphalia, 45127, Germany","approved","OpenStreetMap Nominatim",""
"City GPS - Frankfurt","50.1066539","8.6625808","City GPS candidate","Germany","Frankfurt (Main) Hbf","Frankfurt (Main) Hauptbahnhof, Mannheimer Straße, Gallus, Innenstadt 1, Frankfurt, Hesse, 60329, Germany","approved","OpenStreetMap Nominatim",""
"City GPS - Freiburg","47.9977308","7.8412948","City GPS candidate","Germany","Freiburg (Breisgau) Hbf","Freiburg (Breisgau) Hauptbahnhof, 5-7, Bismarckallee, Altstadt-Ring, Old Town, Freiburg im Breisgau, Baden-Württemberg, 79098, Germany","approved","OpenStreetMap Nominatim",""
"City GPS - Friedrichshafen","47.6532337","9.4737004","City GPS candidate","Germany","Friedrichshafen Stadt","Friedrichshafen Stadt, Fußgängerunterführung Stadtbahnhof, Hofen, Friedrichshafen, VVG der Stadt Friedrichshafen, Lake Constance district, Baden-Württemberg, 88045, Germany","approved","OpenStreetMap Nominatim",""
"City GPS - Gengenbach","48.4045788","8.0101727","City GPS candidate","Germany","Gengenbach","Gengenbach, Bahnhofstraße, Gengenbach, VVG der Stadt Gengenbach, Ortenaukreis, Baden-Württemberg, 77723, Germany","approved","OpenStreetMap Nominatim",""
"City GPS - Gent","51.0360946","3.7108051","City GPS candidate","Belgium","Gent-Sint-Pieters","Gent-Sint-Pieters, 1, Koningin Maria Hendrikaplein, Stationsbuurt Noord, Ghent, Gent, East Flanders, Flanders, 9000, Belgium","approved","OpenStreetMap Nominatim",""
"City GPS - Göreme","38.6435271","34.8296130","City GPS candidate","Turkey","Göreme Otobüs Terminali","Göreme Bus Station, Turgut Özal Meydanı, Göreme, Nevşehir, Central Anatolia Region, 50180, Turkey","approved","OpenStreetMap Nominatim",""
"City GPS - Hamburg","53.5526959","10.0075644","City GPS candidate","Germany","Hamburg Hbf","Hamburg Hauptbahnhof, Südsteg, St. Georg, Hamburg-Mitte, Hamburg, 20099, Germany","approved","OpenStreetMap Nominatim",""
"City GPS - Heidelberg","49.4034737","8.6754223","City GPS candidate","Germany","Heidelberg Hbf","Heidelberg Hauptbahnhof, 5, Willy-Brandt-Platz, Weststadt, Heidelberg, Baden-Württemberg, 69115, Germany","approved","OpenStreetMap Nominatim",""
"City GPS - Hof","50.3080628","11.9233140","City GPS candidate","Germany","Hof Hbf","Hof Hauptbahnhof, Bahnhofsplatz, Bahnhofsviertel, Alsenberg, Hof, Bavaria, 95028, Germany","approved","OpenStreetMap Nominatim",""
"City GPS - Idstein","50.2159384","8.2575508","City GPS candidate","Germany","Idstein (Taunus)","Idstein (Taunus), Am Bahndamm, Idstein, Rheingau-Taunus-Kreis, Hesse, 65510, Germany","approved","OpenStreetMap Nominatim",""
"City GPS - Istanbul","41.0150174","28.9779620","City GPS candidate","Turkey","Sirkeci Garı","Sirkeci, İstasyon Arkası Sokağı, Cağaloğlu, Hocapaşa Mahallesi, Istanbul, Fatih, Istanbul, Marmara Region, 34110, Turkey","approved","OpenStreetMap Nominatim",""
"City GPS - Karlovy Vary","50.2354590","12.8667221","City GPS candidate","Czechia","Karlovy Vary","Karlovy Vary, Nákladní, Sedlec, Karlovy Vary, okres Karlovy Vary, Karlovy Vary Region, 913 34, Czechia","approved","OpenStreetMap Nominatim",""
"City GPS - Karlsruhe","48.9940078","8.4016492","City GPS candidate","Germany","Karlsruhe Hbf","Karlsruhe Hauptbahnhof, Bahnhofplatz, Südweststadt Östlicher Teil, Südweststadt, Karlsruhe, Baden-Württemberg, 76137, Germany","approved","OpenStreetMap Nominatim",""
"City GPS - Koblenz","50.3508227","7.5892636","City GPS candidate","Germany","Koblenz Hbf","Koblenz Hbf, Bahnhofplatz, Mitte, Koblenz, Rhineland-Palatinate, 56068, Germany","approved","OpenStreetMap Nominatim",""
"City GPS - Königssee","47.5921790","12.9875030","City GPS candidate","Germany","Tourist-Information am Parkplatz Königssee","Tourist-Information am Parkplatz Königssee (same-building coordinate candidate)","approved","OpenStreetMap nearby-point candidate","Exact named point was not returned by Nominatim; visually confirm the same-building coordinate"
"City GPS - Kraków","50.0684238","19.9478862","City GPS candidate","Poland","Kraków Główny","Krakow Main Station, Świętego Rafała Kalinowskiego, Wesoła, Stare Miasto, Old Town, Krakow, Lesser Poland Voivodeship, 31-154, Poland","approved","OpenStreetMap Nominatim",""
"City GPS - Leipzig","51.3465518","12.3830858","City GPS candidate","Germany","Leipzig Hbf","Leipzig Hauptbahnhof, 5, Willy-Brandt-Platz, Centre East, Mitte, Leipzig, Saxony, 04109, Germany","approved","OpenStreetMap Nominatim",""
"City GPS - Lindau","47.5442020","9.6808298","City GPS candidate","Germany","Lindau-Insel","Lindau-Insel, Alfred-Nobel-Platz, Insel, Lindau (Bodensee), Landkreis Lindau, Bavaria, 88131, Germany","approved","OpenStreetMap Nominatim",""
"City GPS - London","51.5028379","-0.1128010","City GPS candidate","United Kingdom","London Waterloo","London Waterloo, The Balcony, South Bank, Waterloo, London Borough of Lambeth, Greater London, England, SE1 8SW, United Kingdom","approved","OpenStreetMap Nominatim",""
"City GPS - Lübeck","53.8671234","10.6704782","City GPS candidate","Germany","Lübeck Hbf","Lübeck Hauptbahnhof, 2-6, Am Bahnhof, Sankt Lorenz Süd, Lübeck, Schleswig-Holstein, 23558, Germany","approved","OpenStreetMap Nominatim",""
"City GPS - Mainz","50.0013856","8.2586022","City GPS candidate","Germany","Mainz Hbf","Mainz Hbf, Bahnhofplatz, Neustadt, Mainz, Rhineland-Palatinate, 55116, Germany","approved","OpenStreetMap Nominatim",""
"City GPS - Mannheim","49.4796632","8.4698178","City GPS candidate","Germany","Mannheim Hbf","Mannheim Hauptbahnhof, 17, Willy-Brandt-Platz, Schwetzingerstadt, Schwetzingerstadt/Oststadt, Mannheim, Baden-Württemberg, 68161, Germany","approved","OpenStreetMap Nominatim",""
"City GPS - Marseille","43.3032635","5.3811927","City GPS candidate","France","Marseille-Saint-Charles","Marseille Saint-Charles, Square Narvik, Saint-Charles, 1st Arrondissement, Marseille, Bouches-du-Rhône, Provence-Alpes-Côte d'Azur, Metropolitan France, 13001, France","approved","OpenStreetMap Nominatim",""
"City GPS - Menton","43.7747030","7.4931157","City GPS candidate","France","Menton","Menton, Rue des Soeurs Munet, Garavan, Menton, Nice, Maritime Alps, Provence-Alpes-Côte d'Azur, Metropolitan France, 06500, France","approved","OpenStreetMap Nominatim",""
"City GPS - Milan","45.4858786","9.2042617","City GPS candidate","Italy","Milano Centrale","Milano Centrale, Piazza Duca d'Aosta, Centrale, Municipio 2, Milan, Rodano, Milan, Lombardy, 20124, Italy","approved","OpenStreetMap Nominatim",""
"City GPS - Monaco","43.7382624","7.4194983","City GPS candidate","Monaco","Monaco-Monte-Carlo","Monaco - Monte Carlo, Pont Sainte-Dévote, Ravin de Sainte-Dévote, Monaco, 98020, Monaco","approved","OpenStreetMap Nominatim",""
"City GPS - Munich","48.1407253","11.5569426","City GPS candidate","Germany","München Hbf","Munich Central Station, Paul-Heyse-Unterführung, Klinikviertel, Ludwigsvorstadt, Ludwigsvorstadt-Isarvorstadt, Munich, Bavaria, 80335, Germany","approved","OpenStreetMap Nominatim",""
"City GPS - Naples","40.8530238","14.2731399","City GPS candidate","Italy","Napoli Centrale","Naples, Corso Meridionale, Rione Vasto, Vicaria, Municipalità 4, Naples, Campania, 80142, Italy","approved","OpenStreetMap Nominatim",""
"City GPS - Nice","43.7048972","7.2617286","City GPS candidate","France","Nice-Ville","Nice-Ville, Parvis de la Gare, Vernier, Thiers, La Buffa, Nice, Maritime Alps, Provence-Alpes-Côte d'Azur, Metropolitan France, 06000, France","approved","OpenStreetMap Nominatim",""
"City GPS - Nürnberg","49.4451991","11.0823089","City GPS candidate","Germany","Nürnberg Hbf","Nürnberg Hauptbahnhof, Mitteltunnel, Tafelhof, Altstadt und engere Innenstadt, Nuremberg, Bavaria, 90443, Germany","approved","OpenStreetMap Nominatim",""
"City GPS - Oslo","59.9110251","10.7531379","City GPS candidate","Norway","Oslo S","Oslo Central Station, Main Station Hallway, Sjøtomta, Vaterland, Sentrum, Oslo, 0050, Norway","approved","OpenStreetMap Nominatim",""
"City GPS - Palermo","38.1092571","13.3674799","City GPS candidate","Italy","Palermo Centrale","Palermo Centrale, Via Tommaso Fazello, III Circoscrizione, Palermo, Sicily, 90127, Italy","approved","OpenStreetMap Nominatim",""
"City GPS - Paris","48.8804003","2.3549733","City GPS candidate","France","Gare du Nord","Paris Gare du Nord, Paris, France","approved","OpenStreetMap reviewed object candidate",""
"City GPS - Prague","50.0829628","14.4360939","City GPS candidate","Czechia","Praha hlavní nádraží","Prague Main Station, Wilsonova, New Town, obvod Praha 1, Prague, 116 47, Czechia","approved","OpenStreetMap Nominatim",""
"City GPS - Rome","41.9011950","12.5016713","City GPS candidate","Italy","Roma Termini","Roma Termini, Piazza dei Cinquecento, Esquilino, Municipio Roma I, Rome, Roma Capitale, Lazio, 00185, Italy","approved","OpenStreetMap Nominatim",""
"City GPS - Rotterdam","51.9253937","4.4687190","City GPS candidate","Netherlands","Rotterdam Centraal","Rotterdam Centraal, Provenierstunnel, CS-Kwartier, Centrum, Rotterdam, South Holland, Netherlands, 3013 EA, Netherlands","approved","OpenStreetMap Nominatim",""
"City GPS - Salzburg","47.8130618","13.0458530","City GPS candidate","Austria","Salzburg Hbf","Salzburg Hauptbahnhof, 1, Südtiroler Platz, Elisabeth-Vorstadt, Salzburg, 5020, Austria","approved","OpenStreetMap Nominatim",""
"City GPS - Skopje","41.9909014","21.4459867","City GPS candidate","North Macedonia","Skopje railway station","Skopje Railway Station, Bulevar Kuzman Josifovski Pitu, Mičurin, Aerodrom, Municipality of Centar, Skopje, Municipality of Aerodrom, City of Skopje, 1000, North Macedonia","approved","OpenStreetMap Nominatim",""
"City GPS - Speyer","49.3241568","8.4283506","City GPS candidate","Germany","Speyer Hbf","Speyer Hauptbahnhof, 43, Bahnhofstraße, Kernstadt-Nord, Speyer, Rhineland-Palatinate, 67346, Germany","approved","OpenStreetMap Nominatim",""
"City GPS - Strasbourg","48.5852933","7.7339249","City GPS candidate","France","Gare de Strasbourg","Strasbourg, Place de la Gare, Tribunal-Gare-Porte de Schirmeck, Strasbourg, Bas-Rhin, European Collectivity of Alsace, Grand Est, Metropolitan France, 67000, France","approved","OpenStreetMap Nominatim",""
"City GPS - Stuttgart","48.7856099","9.1833959","City GPS candidate","Germany","Stuttgart Hbf","Stuttgart Main Station, 2, Arnulf-Klett-Platz, Hauptbahnhof, Stuttgart-Mitte, Stuttgart, Baden-Württemberg, 70173, Germany","approved","OpenStreetMap Nominatim",""
"City GPS - Triberg","48.1403719","8.2368619","City GPS candidate","Germany","Triberg","Triberg, Bahnhofstraße, Triberg (Kernstadt), Triberg im Schwarzwald, GVV Raumschaft Triberg, Schwarzwald-Baar-Kreis, Baden-Württemberg, 78098, Germany","approved","OpenStreetMap Nominatim",""
"City GPS - Ulm","48.3994159","9.9826024","City GPS candidate","Germany","Ulm Hbf","Ulm Hauptbahnhof, 1, Bahnhofplatz, Fischerviertel, Mitte, Ulm, Baden-Württemberg, 89073, Germany","approved","OpenStreetMap Nominatim",""
"City GPS - Utrecht","52.0893825","5.1096021","City GPS candidate","Netherlands","Utrecht Centraal","Utrecht Centraal, 12, Stationshal, Hoog Catharijne, Ns, Jaarbeurs, Binnenstad City- En Winkelgebied, Binnenstad, Utrecht, Netherlands, 3511 CE, Netherlands","approved","OpenStreetMap Nominatim",""
"City GPS - Vatican City","41.9008795","12.4509301","City GPS candidate","Vatican City","Vatican City","Vatican City, Observatory Road, Vatican City, 00120, Vatican City","approved","OpenStreetMap Nominatim",""
"City GPS - Vilnius","54.6698774","25.2847579","City GPS candidate","Lithuania","Vilnius railway station","Vilnius, Geležinkelio g., New Town, Naujamiestis eldership, Vilnius, Vilnius city municipality, Vilnius County, 01047, Lithuania","approved","OpenStreetMap Nominatim",""
"City GPS - Wiesbaden","50.0698313","8.2439848","City GPS candidate","Germany","Wiesbaden Hbf","Wiesbaden Hauptbahnhof, 1, Bahnhofsplatz, Südost, Wiesbaden, Hesse, 65189, Germany","approved","OpenStreetMap Nominatim",""
"City GPS - Wuppertal","51.2543138","7.1500364","City GPS candidate","Germany","Wuppertal Hbf","Wuppertal Hauptbahnhof, Distelbeck, Südstadt, Gemarkung Elberfeld, Elberfeld, Wuppertal, North Rhine-Westphalia, 42119, Germany","approved","OpenStreetMap Nominatim",""
"City GPS - Würzburg","49.8015215","9.9359849","City GPS candidate","Germany","Würzburg Hbf","Würzburg Hauptbahnhof, 4, Bahnhofplatz, Innenstadt, Würzburg Altstadt, Würzburg, Bavaria, 97070, Germany","approved","OpenStreetMap Nominatim",""
"City GPS - Zaandijk","52.4692791","4.8051566","City GPS candidate","Netherlands","Zaandijk Zaanse Schans","Zaandijk Zaanse Schans, Kogertunnel, Koog aan de Zaan, Zaanstad, North Holland, Netherlands, 1541 LK, Netherlands","approved","OpenStreetMap Nominatim",""
